hash-threshold 8

statement ok
CREATE TABLE tab0(col0 INTEGER, col1 INTEGER, col2 INTEGER)

statement ok
CREATE TABLE tab1(col0 INTEGER, col1 INTEGER, col2 INTEGER)

statement ok
CREATE TABLE tab2(col0 INTEGER, col1 INTEGER, col2 INTEGER)

statement ok
INSERT INTO tab0 VALUES(83,0,38)

statement ok
INSERT INTO tab0 VALUES(26,0,79)

statement ok
INSERT INTO tab0 VALUES(43,81,24)

statement ok
INSERT INTO tab1 VALUES(22,6,8)

statement ok
INSERT INTO tab1 VALUES(28,57,45)

statement ok
INSERT INTO tab1 VALUES(82,44,71)

statement ok
INSERT INTO tab2 VALUES(15,61,87)

statement ok
INSERT INTO tab2 VALUES(91,59,79)

statement ok
INSERT INTO tab2 VALUES(92,41,58)

query I rowsort
SELECT DISTINCT - 53 AS col1 FROM tab2 AS cor0 GROUP BY cor0.col2
----
-53

query I rowsort
SELECT DISTINCT NULLIF ( cor0.col0, cor0.col0 ) FROM tab1 AS cor0 GROUP BY col0
----
NULL

query I rowsort
SELECT ALL + 79 FROM tab0 AS cor0 GROUP BY cor0.col2
----
79
79
79

query I rowsort
SELECT ALL - 43 FROM tab2 AS cor0 GROUP BY col2
----
-43
-43
-43

onlyif mysql # DIV for integer division: 
query I rowsort label-4
SELECT 47 DIV + cor0.col1 FROM tab1 AS cor0 GROUP BY col1
----
0
1
7

skipif mysql # not compatible
query I rowsort label-4
SELECT 47 / + cor0.col1 FROM tab1 AS cor0 GROUP BY col1
----
0
1
7

query I rowsort
SELECT + 0 AS col2 FROM tab0 AS cor0 GROUP BY col0
----
0
0
0

query I rowsort
SELECT DISTINCT + cor0.col1 AS col2 FROM tab0 AS cor0 GROUP BY col1, cor0.col0
----
0
81

query I rowsort
SELECT 79 * tab2.col2 + - 76 FROM tab2, tab1 AS cor0 GROUP BY tab2.col2
----
4506
6165
6797

query I rowsort
SELECT DISTINCT - 31 AS col1 FROM tab1 AS cor0 GROUP BY cor0.col1
----
-31

query I rowsort
SELECT DISTINCT + 33 FROM tab2 cor0 GROUP BY cor0.col1
----
33

query I rowsort
SELECT - col0 AS col0 FROM tab1 GROUP BY col0
----
-22
-28
-82

query I rowsort
SELECT - col2 FROM tab0 GROUP BY col2 HAVING NOT NULL IS NULL
----

query I rowsort
SELECT ALL col1 / cor0.col1 AS col0 FROM tab2 AS cor0 GROUP BY cor0.col1 HAVING NULL IS NOT NULL
----

query I rowsort
SELECT + 0 FROM tab0 AS cor0 GROUP BY cor0.col2
----
0
0
0

query I rowsort
SELECT DISTINCT col2 AS col2 FROM tab0 AS cor0 GROUP BY cor0.col2, cor0.col0
----
24
38
79

query I rowsort
SELECT DISTINCT - - 17 AS col1 FROM tab1, tab0 AS cor0 GROUP BY cor0.col1
----
17

query I rowsort
SELECT col0 * - 21 + - 37 AS col0 FROM tab0 AS cor0 GROUP BY cor0.col0
----
-1780
-583
-940

query I rowsort
SELECT - col0 AS col0 FROM tab0 AS cor0 GROUP BY cor0.col0, cor0.col2
----
-26
-43
-83

onlyif mysql # DIV for integer division: 
query I rowsort label-18
SELECT 12 DIV cor0.col0 FROM tab2 cor0 GROUP BY col0
----
0
0
0

skipif mysql # not compatible
query I rowsort label-18
SELECT 12 / cor0.col0 FROM tab2 cor0 GROUP BY col0
----
0
0
0

query I rowsort
SELECT ALL cor0.col2 FROM tab1 cor0 GROUP BY cor0.col0, cor0.col2
----
45
71
8

skipif postgresql # PostgreSQL requires AS when renaming output columns
query I rowsort
SELECT - cor0.col2 col0 FROM tab2 AS cor0 GROUP BY col2, cor0.col0
----
-58
-79
-87

query I rowsort
SELECT col2 * - 85 AS col2 FROM tab1 AS cor0 GROUP BY col2
----
-3825
-6035
-680

query I rowsort
SELECT DISTINCT cor0.col0 * + 60 FROM tab0 AS cor0 GROUP BY cor0.col0
----
1560
2580
4980

query I rowsort
SELECT ALL - 81 FROM tab2 cor0 GROUP BY cor0.col0
----
-81
-81
-81

query I rowsort
SELECT DISTINCT + 78 * col0 AS col2 FROM tab1 AS cor0 GROUP BY col0
----
1716
2184
6396

query I rowsort
SELECT + 7 AS col2 FROM tab1 AS cor0 GROUP BY cor0.col2
----
7
7
7

onlyif mysql # CAST syntax: SIGNED type: 
query I rowsort label-26
SELECT + + CAST( NULL AS SIGNED ) AS col1 FROM tab2 GROUP BY col0
----
NULL
NULL
NULL

skipif mysql # not compatible
query I rowsort label-26
SELECT + + CAST ( NULL AS INTEGER ) AS col1 FROM tab2 GROUP BY col0
----
NULL
NULL
NULL

query I rowsort
SELECT DISTINCT + 27 FROM tab2 GROUP BY tab2.col2
----
27

query I rowsort
SELECT ALL - 87 + - cor0.col2 FROM tab1, tab0 AS cor0 GROUP BY cor0.col2
----
-111
-125
-166

query I rowsort
SELECT DISTINCT cor1.col0 FROM tab1, tab1 AS cor0, tab1 AS cor1 GROUP BY cor1.col0
----
22
28
82

query I rowsort
SELECT ALL + cor0.col1 - + cor0.col1 AS col0 FROM tab2 AS cor0 GROUP BY cor0.col1
----
0
0
0

query I rowsort
SELECT cor0.col0 * - 67 AS col0 FROM tab1 AS cor0 GROUP BY cor0.col0
----
-1474
-1876
-5494

query I rowsort
SELECT - ( cor0.col0 + - cor0.col0 ) * - cor0.col0 FROM tab0 AS cor0 GROUP BY col0
----
0
0
0

query I rowsort
SELECT + 51 AS col0 FROM tab0 AS cor0 GROUP BY cor0.col1
----
51
51

skipif postgresql # PostgreSQL requires AS when renaming output columns
query I rowsort
SELECT ALL col0 col1 FROM tab2 cor0 GROUP BY cor0.col0
----
15
91
92

query I rowsort
SELECT ALL + cor0.col1 + + ( col1 ) AS col1 FROM tab0 AS cor0 GROUP BY col1
----
0
162

skipif postgresql # PostgreSQL requires AS when renaming output columns
query I rowsort
SELECT + cor0.col0 col1 FROM tab1, tab0 AS cor0 GROUP BY cor0.col0
----
26
43
83

query I rowsort
SELECT DISTINCT + 2 FROM tab2 AS cor0 GROUP BY cor0.col2
----
2

query I rowsort
SELECT + + 99 AS col1 FROM tab1, tab1 AS cor0 GROUP BY cor0.col2
----
99
99
99

query I rowsort
SELECT - + 23 AS col0 FROM tab2 GROUP BY tab2.col1
----
-23
-23
-23

query I rowsort
SELECT + 65 FROM tab1 AS cor0 GROUP BY cor0.col0
----
65
65
65

query I rowsort
SELECT - ( cor0.col2 ) AS col0 FROM tab0 AS cor0 GROUP BY cor0.col2
----
-24
-38
-79

query I rowsort
SELECT - ( cor0.col2 ) * col2 FROM tab1 AS cor0 GROUP BY cor0.col2, col0
----
-2025
-5041
-64

query I rowsort
SELECT 25 AS col0 FROM tab2 AS cor0 GROUP BY cor0.col2
----
25
25
25

query I rowsort
SELECT ALL + cor0.col0 FROM tab1 cor0 GROUP BY col0, col2
----
22
28
82

query I rowsort
SELECT DISTINCT - col0 AS col0 FROM tab1 AS cor0 GROUP BY cor0.col0
----
-22
-28
-82

query I rowsort
SELECT cor0.col2 - + 48 AS col0 FROM tab0 AS cor0 GROUP BY col2
----
-10
-24
31

query I rowsort
SELECT 10 AS col0 FROM tab2, tab2 AS cor0 GROUP BY cor0.col2
----
10
10
10

query I rowsort
SELECT DISTINCT - 25 FROM tab1, tab0 AS cor0 GROUP BY cor0.col0
----
-25

query I rowsort
SELECT DISTINCT + 38 AS col2 FROM tab1, tab2 AS cor0 GROUP BY cor0.col2
----
38

query I rowsort
SELECT DISTINCT 49 * - 23 AS col2 FROM tab2, tab2 AS cor0 GROUP BY cor0.col1
----
-1127

query I rowsort
SELECT 4 FROM tab0 GROUP BY tab0.col0
----
4
4
4

skipif postgresql # PostgreSQL requires AS when renaming output columns
query I rowsort
SELECT - 82 * tab2.col0 col1 FROM tab2 GROUP BY tab2.col0
----
-1230
-7462
-7544

query I rowsort
SELECT 53 AS col1 FROM tab0 AS cor0 GROUP BY cor0.col2
----
53
53
53

query I rowsort
SELECT ALL cor0.col1 + + cor0.col1 AS col1 FROM tab2 AS cor0 GROUP BY cor0.col1
----
118
122
82

onlyif mysql # DIV for integer division: 
query I rowsort label-55
SELECT cor0.col1 DIV - 12 AS col2 FROM tab2 cor0 GROUP BY cor0.col1
----
-3
-4
-5

skipif mysql # not compatible
query I rowsort label-55
SELECT cor0.col1 / - 12 AS col2 FROM tab2 cor0 GROUP BY cor0.col1
----
-3
-4
-5

query I rowsort
SELECT - 21 AS col0 FROM tab2 GROUP BY tab2.col0
----
-21
-21
-21

skipif postgresql # PostgreSQL requires AS when renaming output columns
query I rowsort
SELECT + 43 col2 FROM tab1 GROUP BY tab1.col0
----
43
43
43

query I rowsort
SELECT DISTINCT + 23 * - cor0.col1 - cor0.col1 AS col2 FROM tab2 AS cor0 GROUP BY cor0.col1, cor0.col0
----
-1416
1464
-984

query I rowsort
SELECT ALL cor0.col1 * - cor0.col1 + 58 FROM tab0 AS cor0 GROUP BY cor0.col1
----
-6503
58

query I rowsort
SELECT DISTINCT 20 AS col2 FROM tab2 AS cor0 GROUP BY cor0.col2
----
20

skipif postgresql # PostgreSQL has strict column usage for GROUP BY clauses
query I rowsort
SELECT + COALESCE ( + 3, 40 * cor0.col0 ) AS col1 FROM tab1 AS cor0 GROUP BY cor0.col2
----
3
3
3
